{
"meta":{"test_sets":[],"test_metrics":[],"learn_metrics":[{"best_value":"Min","name":"RMSE"}],"launch_mode":"Train","parameters":"","iteration_count":500,"learn_sets":["learn"],"name":"experiment"},
"iterations":[
{"learn":[1.149399371],"iteration":0,"passed_time":0.1688147591,"remaining_time":84.23856479},
{"learn":[1.135031564],"iteration":1,"passed_time":0.1798518397,"remaining_time":44.78310809},
{"learn":[1.117422281],"iteration":2,"passed_time":0.1894720372,"remaining_time":31.38920082},
{"learn":[1.100459622],"iteration":3,"passed_time":0.1994138299,"remaining_time":24.72731491},
{"learn":[1.089746361],"iteration":4,"passed_time":0.2089414698,"remaining_time":20.68520551},
{"learn":[1.074645201],"iteration":5,"passed_time":0.2180572768,"remaining_time":17.95338246},
{"learn":[1.062131486],"iteration":6,"passed_time":0.2267289704,"remaining_time":15.96819748},
{"learn":[1.049656013],"iteration":7,"passed_time":0.2353725583,"remaining_time":14.47541233},
{"learn":[1.036693154],"iteration":8,"passed_time":0.2444159816,"remaining_time":13.33424967},
{"learn":[1.024635318],"iteration":9,"passed_time":0.2573910972,"remaining_time":12.61216376},
{"learn":[1.01160285],"iteration":10,"passed_time":0.2662516901,"remaining_time":11.83609786},
{"learn":[1.003015822],"iteration":11,"passed_time":0.2752995221,"remaining_time":11.1955139},
{"learn":[0.9923163178],"iteration":12,"passed_time":0.2846410522,"remaining_time":10.66309173},
{"learn":[0.9813267597],"iteration":13,"passed_time":0.2931662264,"remaining_time":10.17705614},
{"learn":[0.9742823514],"iteration":14,"passed_time":0.3012463191,"remaining_time":9.740297651},
{"learn":[0.9624814183],"iteration":15,"passed_time":0.3093107227,"remaining_time":9.356649362},
{"learn":[0.9546357948],"iteration":16,"passed_time":0.3176219275,"remaining_time":9.024199469},
{"learn":[0.9454481257],"iteration":17,"passed_time":0.3258186127,"remaining_time":8.724698408},
{"learn":[0.936025512],"iteration":18,"passed_time":0.3340375509,"remaining_time":8.456424315},
{"learn":[0.9247421418],"iteration":19,"passed_time":0.3421264371,"remaining_time":8.21103449},
{"learn":[0.9166750193],"iteration":20,"passed_time":0.3502042164,"remaining_time":7.987991413},
{"learn":[0.9099021876],"iteration":21,"passed_time":0.3587915933,"remaining_time":7.795562799},
{"learn":[0.9024077598],"iteration":22,"passed_time":0.3673041916,"remaining_time":7.617569539},
{"learn":[0.8924460624],"iteration":23,"passed_time":0.3767049713,"remaining_time":7.471315264},
{"learn":[0.8844400916],"iteration":24,"passed_time":0.3898482931,"remaining_time":7.407117568},
{"learn":[0.8807413842],"iteration":25,"passed_time":0.4010706672,"remaining_time":7.311826778},
{"learn":[0.8744903496],"iteration":26,"passed_time":0.4124416942,"remaining_time":7.225367457},
{"learn":[0.865822493],"iteration":27,"passed_time":0.4234223794,"remaining_time":7.137691539},
{"learn":[0.8604900527],"iteration":28,"passed_time":0.4331141194,"remaining_time":7.034370698},
{"learn":[0.8538987084],"iteration":29,"passed_time":0.4423312275,"remaining_time":6.929855898},
{"learn":[0.8491194322],"iteration":30,"passed_time":0.4518318372,"remaining_time":6.835778441},
{"learn":[0.8417570156],"iteration":31,"passed_time":0.4607282631,"remaining_time":6.738150848},
{"learn":[0.8356030194],"iteration":32,"passed_time":0.4691742216,"remaining_time":6.639526106},
{"learn":[0.8292623238],"iteration":33,"passed_time":0.4776725336,"remaining_time":6.546923548},
{"learn":[0.822228628],"iteration":34,"passed_time":0.4862863215,"remaining_time":6.460661128},
{"learn":[0.8165001789],"iteration":35,"passed_time":0.4956761981,"remaining_time":6.388715442},
{"learn":[0.8121461401],"iteration":36,"passed_time":0.5040618089,"remaining_time":6.307584258},
{"learn":[0.8087886919],"iteration":37,"passed_time":0.5123044413,"remaining_time":6.228543471},
{"learn":[0.8044644986],"iteration":38,"passed_time":0.5204559083,"remaining_time":6.152055736},
{"learn":[0.8004312839],"iteration":39,"passed_time":0.5289026451,"remaining_time":6.082380418},
{"learn":[0.7937505639],"iteration":40,"passed_time":0.5373671842,"remaining_time":6.015891159},
{"learn":[0.7893278503],"iteration":41,"passed_time":0.5470263775,"remaining_time":5.965192402},
{"learn":[0.7855489022],"iteration":42,"passed_time":0.5553278378,"remaining_time":5.901972602},
{"learn":[0.7814228491],"iteration":43,"passed_time":0.5648680873,"remaining_time":5.85408745},
{"learn":[0.7771514067],"iteration":44,"passed_time":0.5738740827,"remaining_time":5.802504614},
{"learn":[0.773418705],"iteration":45,"passed_time":0.5842554555,"remaining_time":5.766347322},
{"learn":[0.7701076471],"iteration":46,"passed_time":0.5984687155,"remaining_time":5.768219747},
{"learn":[0.7674116241],"iteration":47,"passed_time":0.6082932976,"remaining_time":5.728095219},
{"learn":[0.7628522801],"iteration":48,"passed_time":0.6165707511,"remaining_time":5.674967525},
{"learn":[0.7590866439],"iteration":49,"passed_time":0.6250457707,"remaining_time":5.625411936},
{"learn":[0.7536157724],"iteration":50,"passed_time":0.6333672382,"remaining_time":5.576115489},
{"learn":[0.7478629807],"iteration":51,"passed_time":0.6416380339,"remaining_time":5.527958446},
{"learn":[0.7423054988],"iteration":52,"passed_time":0.6500296948,"remaining_time":5.482325916},
{"learn":[0.737860951],"iteration":53,"passed_time":0.6585210355,"remaining_time":5.43889596},
{"learn":[0.7352645597],"iteration":54,"passed_time":0.6667751186,"remaining_time":5.394816869},
{"learn":[0.7319124164],"iteration":55,"passed_time":0.6751269334,"remaining_time":5.352792115},
{"learn":[0.7273951093],"iteration":56,"passed_time":0.6836210123,"remaining_time":5.313054534},
{"learn":[0.7230580448],"iteration":57,"passed_time":0.6921327398,"remaining_time":5.27452881},
{"learn":[0.7178717667],"iteration":58,"passed_time":0.7015727765,"remaining_time":5.243959228},
{"learn":[0.7116300553],"iteration":59,"passed_time":0.7110719856,"remaining_time":5.214527895},
{"learn":[0.7075543064],"iteration":60,"passed_time":0.7197317912,"remaining_time":5.17970912},
{"learn":[0.7030537509],"iteration":61,"passed_time":0.728472129,"remaining_time":5.146303105},
{"learn":[0.6983215989],"iteration":62,"passed_time":0.737204109,"remaining_time":5.113622153},
{"learn":[0.6936312518],"iteration":63,"passed_time":0.7465686936,"remaining_time":5.085999225},
{"learn":[0.6890219743],"iteration":64,"passed_time":0.7561632624,"remaining_time":5.060477218},
{"learn":[0.685128818],"iteration":65,"passed_time":0.7650831192,"remaining_time":5.031001117},
{"learn":[0.6815571386],"iteration":66,"passed_time":0.7795366909,"remaining_time":5.037901301},
{"learn":[0.6762452219],"iteration":67,"passed_time":0.7903993486,"remaining_time":5.021360568},
{"learn":[0.6724174322],"iteration":68,"passed_time":0.8001417819,"remaining_time":4.997987073},
{"learn":[0.6693587437],"iteration":69,"passed_time":0.8104617379,"remaining_time":4.978550675},
{"learn":[0.6645440186],"iteration":70,"passed_time":0.8197577911,"remaining_time":4.9531844},
{"learn":[0.6604329608],"iteration":71,"passed_time":0.8290039187,"remaining_time":4.927967739},
{"learn":[0.6561795098],"iteration":72,"passed_time":0.8379542297,"remaining_time":4.901458302},
{"learn":[0.6531611933],"iteration":73,"passed_time":0.8464827814,"remaining_time":4.872995472},
{"learn":[0.6507094924],"iteration":74,"passed_time":0.8551363148,"remaining_time":4.84577245},
{"learn":[0.6474017802],"iteration":75,"passed_time":0.8639502436,"remaining_time":4.819932938},
{"learn":[0.6448286452],"iteration":76,"passed_time":0.8728200252,"remaining_time":4.794842476},
{"learn":[0.6427134553],"iteration":77,"passed_time":0.8818755213,"remaining_time":4.771172692},
{"learn":[0.638560021],"iteration":78,"passed_time":0.8916881577,"remaining_time":4.751907777},
{"learn":[0.6340113588],"iteration":79,"passed_time":0.9013354489,"remaining_time":4.732011107},
{"learn":[0.6277923812],"iteration":80,"passed_time":0.9106647403,"remaining_time":4.710722545},
{"learn":[0.6237754175],"iteration":81,"passed_time":0.9196577135,"remaining_time":4.688011271},
{"learn":[0.6211667867],"iteration":82,"passed_time":0.9283347283,"remaining_time":4.664043153},
{"learn":[0.6173296874],"iteration":83,"passed_time":0.9370795897,"remaining_time":4.640775111},
{"learn":[0.6130958187],"iteration":84,"passed_time":0.956598308,"remaining_time":4.670450562},
{"learn":[0.6104180212],"iteration":85,"passed_time":0.9658671097,"remaining_time":4.649639342},
{"learn":[0.6072779879],"iteration":86,"passed_time":0.9747072377,"remaining_time":4.627058496},
{"learn":[0.6036878363],"iteration":87,"passed_time":0.9851791101,"remaining_time":4.61242947},
{"learn":[0.6009632816],"iteration":88,"passed_time":0.9973025886,"remaining_time":4.605520943},
{"learn":[0.597640734],"iteration":89,"passed_time":1.006902284,"remaining_time":4.586999295},
{"learn":[0.5938461136],"iteration":90,"passed_time":1.016289366,"remaining_time":4.567718142},
{"learn":[0.5900881863],"iteration":91,"passed_time":1.026642942,"remaining_time":4.552938263},
{"learn":[0.5844080084],"iteration":92,"passed_time":1.035254242,"remaining_time":4.530628781},
{"learn":[0.5818509593],"iteration":93,"passed_time":1.043642482,"remaining_time":4.507647317},
{"learn":[0.5779714672],"iteration":94,"passed_time":1.052780569,"remaining_time":4.488169794},
{"learn":[0.5742914374],"iteration":95,"passed_time":1.061527856,"remaining_time":4.46726306},
{"learn":[0.569599435],"iteration":96,"passed_time":1.070517864,"remaining_time":4.447615457},
{"learn":[0.5669730732],"iteration":97,"passed_time":1.079354495,"remaining_time":4.427556193},
{"learn":[0.5649698924],"iteration":98,"passed_time":1.08828204,"remaining_time":4.408091901},
{"learn":[0.561207359],"iteration":99,"passed_time":1.097324829,"remaining_time":4.389299316},
{"learn":[0.5576919951],"iteration":100,"passed_time":1.106618489,"remaining_time":4.371690862},
{"learn":[0.5548978314],"iteration":101,"passed_time":1.115203293,"remaining_time":4.351479518},
{"learn":[0.5512987324],"iteration":102,"passed_time":1.123910846,"remaining_time":4.331967046},
{"learn":[0.5467155061],"iteration":103,"passed_time":1.132543582,"remaining_time":4.312377485},
{"learn":[0.544616373],"iteration":104,"passed_time":1.141066255,"remaining_time":4.292582579},
{"learn":[0.5397502374],"iteration":105,"passed_time":1.149650561,"remaining_time":4.273229443},
{"learn":[0.5366573038],"iteration":106,"passed_time":1.158708013,"remaining_time":4.25581541},
{"learn":[0.5326057496],"iteration":107,"passed_time":1.168105496,"remaining_time":4.239790319},
{"learn":[0.5287490919],"iteration":108,"passed_time":1.177693979,"remaining_time":4.224571978},
{"learn":[0.5245740604],"iteration":109,"passed_time":1.188080272,"remaining_time":4.2122846},
{"learn":[0.520539679],"iteration":110,"passed_time":1.200207757,"remaining_time":4.206133491},
{"learn":[0.5168876842],"iteration":111,"passed_time":1.209945651,"remaining_time":4.191597434},
{"learn":[0.5138269249],"iteration":112,"passed_time":1.219906585,"remaining_time":4.177910161},
{"learn":[0.511955577],"iteration":113,"passed_time":1.229486033,"remaining_time":4.162996567},
{"learn":[0.5075572839],"iteration":114,"passed_time":1.238690351,"remaining_time":4.146919871},
{"learn":[0.5047431705],"iteration":115,"passed_time":1.247222974,"remaining_time":4.128738119},
{"learn":[0.5023144385],"iteration":116,"passed_time":1.256601685,"remaining_time":4.113490986},
{"learn":[0.4991132924],"iteration":117,"passed_time":1.266035525,"remaining_time":4.098521784},
{"learn":[0.4953386891],"iteration":118,"passed_time":1.275323303,"remaining_time":4.08317797},
{"learn":[0.493956386],"iteration":119,"passed_time":1.284466203,"remaining_time":4.067476311},
{"learn":[0.4920412617],"iteration":120,"passed_time":1.293837612,"remaining_time":4.052598801},
{"learn":[0.4905188091],"iteration":121,"passed_time":1.302810121,"remaining_time":4.036575622},
{"learn":[0.4886095655],"iteration":122,"passed_time":1.313033903,"remaining_time":4.024502288},
{"learn":[0.4857194651],"iteration":123,"passed_time":1.322298006,"remaining_time":4.009548793},
{"learn":[0.48241992],"iteration":124,"passed_time":1.331877858,"remaining_time":3.995633573},
{"learn":[0.4806494006],"iteration":125,"passed_time":1.341075056,"remaining_time":3.980651358},
{"learn":[0.4775833219],"iteration":126,"passed_time":1.350615803,"remaining_time":3.966769247},
{"learn":[0.4740329137],"iteration":127,"passed_time":1.359710704,"remaining_time":3.951659234},
{"learn":[0.4709955487],"iteration":128,"passed_time":1.368494032,"remaining_time":3.935746403},
{"learn":[0.4690565973],"iteration":129,"passed_time":1.38087951,"remaining_time":3.930195529},
{"learn":[0.4659066198],"iteration":130,"passed_time":1.391912329,"remaining_time":3.920730148},
{"learn":[0.4637378441],"iteration":131,"passed_time":1.4042352,"remaining_time":3.914837527},
{"learn":[0.4609723022],"iteration":132,"passed_time":1.414616377,"remaining_time":3.903490305},
{"learn":[0.4575194338],"iteration":133,"passed_time":1.42376764,"remaining_time":3.888798182},
{"learn":[0.4549530682],"iteration":134,"passed_time":1.433011321,"remaining_time":3.874438017},
{"learn":[0.4520262036],"iteration":135,"passed_time":1.442325596,"remaining_time":3.860342037},
{"learn":[0.4497315883],"iteration":136,"passed_time":1.451229642,"remaining_time":3.845228906},
{"learn":[0.4476517457],"iteration":137,"passed_time":1.461000267,"remaining_time":3.83247896},
{"learn":[0.4444294138],"iteration":138,"passed_time":1.470827334,"remaining_time":3.81991847},
{"learn":[0.4422160287],"iteration":139,"passed_time":1.480050777,"remaining_time":3.805844854},
{"learn":[0.4397403654],"iteration":140,"passed_time":1.489600425,"remaining_time":3.792670585},
{"learn":[0.4366182892],"iteration":141,"passed_time":1.498678563,"remaining_time":3.778358631},
{"learn":[0.4339075825],"iteration":142,"passed_time":1.50805668,"remaining_time":3.764868775},
{"learn":[0.4297996126],"iteration":143,"passed_time":1.520197182,"remaining_time":3.758265256},
{"learn":[0.4283587423],"iteration":144,"passed_time":1.529615283,"remaining_time":3.744920175},
{"learn":[0.4265042157],"iteration":145,"passed_time":1.538834274,"remaining_time":3.731146117},
{"learn":[0.4231210306],"iteration":146,"passed_time":1.549170941,"remaining_time":3.720117975},
{"learn":[0.4212538467],"iteration":147,"passed_time":1.559223515,"remaining_time":3.708423495},
{"learn":[0.4191547123],"iteration":148,"passed_time":1.568636044,"remaining_time":3.695243299},
{"learn":[0.4163916104],"iteration":149,"passed_time":1.57859234,"remaining_time":3.683382126},
{"learn":[0.4146928859],"iteration":150,"passed_time":1.588007316,"remaining_time":3.670295056},
{"learn":[0.4120973707],"iteration":151,"passed_time":1.600062388,"remaining_time":3.66330073},
{"learn":[0.4098782308],"iteration":152,"passed_time":1.611768359,"remaining_time":3.655448501},
{"learn":[0.4069189733],"iteration":153,"passed_time":1.621186162,"remaining_time":3.642405272},
{"learn":[0.4043502169],"iteration":154,"passed_time":1.630293633,"remaining_time":3.628718086},
{"learn":[0.4015803232],"iteration":155,"passed_time":1.640305322,"remaining_time":3.61708353},
{"learn":[0.4001794373],"iteration":156,"passed_time":1.649790016,"remaining_time":3.604318316},
{"learn":[0.3984633151],"iteration":157,"passed_time":1.659005259,"remaining_time":3.591011384},
{"learn":[0.3966917816],"iteration":158,"passed_time":1.668495465,"remaining_time":3.578345619},
{"learn":[0.394843463],"iteration":159,"passed_time":1.677601724,"remaining_time":3.564903664},
{"learn":[0.3920966618],"iteration":160,"passed_time":1.686666621,"remaining_time":3.551428476},
{"learn":[0.3900020949],"iteration":161,"passed_time":1.696085257,"remaining_time":3.538745782},
{"learn":[0.388054137],"iteration":162,"passed_time":1.706161014,"remaining_time":3.527461728},
{"learn":[0.385770417],"iteration":163,"passed_time":1.716094461,"remaining_time":3.515900847},
{"learn":[0.3840805426],"iteration":164,"passed_time":1.725968513,"remaining_time":3.504239102},
{"learn":[0.3814297773],"iteration":165,"passed_time":1.735108814,"remaining_time":3.491122553},
{"learn":[0.3790997153],"iteration":166,"passed_time":1.744980337,"remaining_time":3.479511689},
{"learn":[0.3768326439],"iteration":167,"passed_time":1.755062653,"remaining_time":3.4683381},
{"learn":[0.3749444413],"iteration":168,"passed_time":1.764459581,"remaining_time":3.455835038},
{"learn":[0.3726890986],"iteration":169,"passed_time":1.773966291,"remaining_time":3.443581624},
{"learn":[0.3707394472],"iteration":170,"passed_time":1.783534475,"remaining_time":3.43147861},
{"learn":[0.3693152974],"iteration":171,"passed_time":1.794688131,"remaining_time":3.422428528},
{"learn":[0.3681083551],"iteration":172,"passed_time":1.806776839,"remaining_time":3.41512154},
{"learn":[0.3664821312],"iteration":173,"passed_time":1.817895643,"remaining_time":3.405942412},
{"learn":[0.364811029],"iteration":174,"passed_time":1.82721956,"remaining_time":3.393407754},
{"learn":[0.3633799228],"iteration":175,"passed_time":1.83723597,"remaining_time":3.382184399},
{"learn":[0.3618202949],"iteration":176,"passed_time":1.846527119,"remaining_time":3.369651183},
{"learn":[0.3596819246],"iteration":177,"passed_time":1.855952118,"remaining_time":3.357396529},
{"learn":[0.357642141],"iteration":178,"passed_time":1.865755764,"remaining_time":3.345852515},
{"learn":[0.3555863421],"iteration":179,"passed_time":1.875239441,"remaining_time":3.333759007},
{"learn":[0.3529909103],"iteration":180,"passed_time":1.885271208,"remaining_time":3.322660306},
{"learn":[0.3509650416],"iteration":181,"passed_time":1.89475623,"remaining_time":3.310618028},
{"learn":[0.3490949918],"iteration":182,"passed_time":1.914371762,"remaining_time":3.316152179},
{"learn":[0.3475670377],"iteration":183,"passed_time":1.924507999,"remaining_time":3.305133303},
{"learn":[0.3461423656],"iteration":184,"passed_time":1.934085701,"remaining_time":3.29317295},
{"learn":[0.3446379834],"iteration":185,"passed_time":1.943367088,"remaining_time":3.280737987},
{"learn":[0.3434915772],"iteration":186,"passed_time":1.95272572,"remaining_time":3.268466044},
{"learn":[0.3418247766],"iteration":187,"passed_time":1.962066513,"remaining_time":3.256195489},
{"learn":[0.3401870231],"iteration":188,"passed_time":1.971408406,"remaining_time":3.243957748},
{"learn":[0.338611986],"iteration":189,"passed_time":1.98033936,"remaining_time":3.231080009},
{"learn":[0.3373303443],"iteration":190,"passed_time":1.990233175,"remaining_time":3.219801315},
{"learn":[0.3361073687],"iteration":191,"passed_time":2.000037279,"remaining_time":3.208393135},
{"learn":[0.3348374986],"iteration":192,"passed_time":2.012271224,"remaining_time":3.200866662},
{"learn":[0.3331370723],"iteration":193,"passed_time":2.023559897,"remaining_time":3.191800662},
{"learn":[0.3315016154],"iteration":194,"passed_time":2.033079395,"remaining_time":3.179944695},
{"learn":[0.3302657388],"iteration":195,"passed_time":2.042274562,"remaining_time":3.167609524},
{"learn":[0.3289367812],"iteration":196,"passed_time":2.051288188,"remaining_time":3.155027011},
{"learn":[0.3271968849],"iteration":197,"passed_time":2.060283758,"remaining_time":3.142453004},
{"learn":[0.3259314085],"iteration":198,"passed_time":2.069409485,"remaining_time":3.130111834},
{"learn":[0.3240781098],"iteration":199,"passed_time":2.078474214,"remaining_time":3.117711321},
{"learn":[0.3221499381],"iteration":200,"passed_time":2.087979411,"remaining_time":3.105999224},
{"learn":[0.3208521057],"iteration":201,"passed_time":2.097480249,"remaining_time":3.094302545},
{"learn":[0.318441251],"iteration":202,"passed_time":2.10695135,"remaining_time":3.082583995},
{"learn":[0.3174468648],"iteration":203,"passed_time":2.116521596,"remaining_time":3.071031335},
{"learn":[0.3160009619],"iteration":204,"passed_time":2.126872877,"remaining_time":3.060621944},
{"learn":[0.3147851432],"iteration":205,"passed_time":2.136673907,"remaining_time":3.04942781},
{"learn":[0.3131180048],"iteration":206,"passed_time":2.14685179,"remaining_time":3.038780553},
{"learn":[0.3114777509],"iteration":207,"passed_time":2.15619004,"remaining_time":3.026959094},
{"learn":[0.3101092867],"iteration":208,"passed_time":2.166003514,"remaining_time":3.015823074},
{"learn":[0.3084765318],"iteration":209,"passed_time":2.175358944,"remaining_time":3.004067113},
{"learn":[0.3078554678],"iteration":210,"passed_time":2.185017131,"remaining_time":2.992748582},
{"learn":[0.3062566922],"iteration":211,"passed_time":2.195035827,"remaining_time":2.981935464},
{"learn":[0.3049615668],"iteration":212,"passed_time":2.205336206,"remaining_time":2.971509348},
{"learn":[0.3037438127],"iteration":213,"passed_time":2.218282175,"remaining_time":2.964620103},
{"learn":[0.3025588659],"iteration":214,"passed_time":2.228930571,"remaining_time":2.954628897},
{"learn":[0.3008188161],"iteration":215,"passed_time":2.238287117,"remaining_time":2.942933061},
{"learn":[0.2995708376],"iteration":216,"passed_time":2.247625544,"remaining_time":2.931235156},
{"learn":[0.2978525477],"iteration":217,"passed_time":2.256576553,"remaining_time":2.919057743},
{"learn":[0.2963478841],"iteration":218,"passed_time":2.265552915,"remaining_time":2.906942324},
{"learn":[0.2951563816],"iteration":219,"passed_time":2.275080542,"remaining_time":2.895557053},
{"learn":[0.2938775557],"iteration":220,"passed_time":2.284847639,"remaining_time":2.884490911},
{"learn":[0.2923282936],"iteration":221,"passed_time":2.294311578,"remaining_time":2.873056841},
{"learn":[0.2919032472],"iteration":222,"passed_time":2.303442494,"remaining_time":2.861226776},
{"learn":[0.2903950825],"iteration":223,"passed_time":2.312769541,"remaining_time":2.849662471},
{"learn":[0.2885980616],"iteration":224,"passed_time":2.322256689,"remaining_time":2.838313731},
{"learn":[0.2873233608],"iteration":225,"passed_time":2.332751641,"remaining_time":2.828203317},
{"learn":[0.2859346353],"iteration":226,"passed_time":2.342433972,"remaining_time":2.817112222},
{"learn":[0.2853309045],"iteration":227,"passed_time":2.353152955,"remaining_time":2.807270192},
{"learn":[0.2844747812],"iteration":228,"passed_time":2.362629575,"remaining_time":2.795950283},
{"learn":[0.2828905247],"iteration":229,"passed_time":2.372157831,"remaining_time":2.784707019},
{"learn":[0.2813901347],"iteration":230,"passed_time":2.381836456,"remaining_time":2.773653708},
{"learn":[0.2800287022],"iteration":231,"passed_time":2.391848848,"remaining_time":2.762997807},
{"learn":[0.2786001689],"iteration":232,"passed_time":2.401358208,"remaining_time":2.751770994},
{"learn":[0.277575317],"iteration":233,"passed_time":2.412323873,"remaining_time":2.742214317},
{"learn":[0.2759131225],"iteration":234,"passed_time":2.42552842,"remaining_time":2.735170346},
{"learn":[0.2748773397],"iteration":235,"passed_time":2.435098926,"remaining_time":2.724008968},
{"learn":[0.2733700413],"iteration":236,"passed_time":2.444228801,"remaining_time":2.712372045},
{"learn":[0.2724017865],"iteration":237,"passed_time":2.45357807,"remaining_time":2.700997707},
{"learn":[0.2717136825],"iteration":238,"passed_time":2.462992413,"remaining_time":2.68971138},
{"learn":[0.2702394864],"iteration":239,"passed_time":2.472959871,"remaining_time":2.67903986},
{"learn":[0.2692960736],"iteration":240,"passed_time":2.482158236,"remaining_time":2.667547648},
{"learn":[0.2686632225],"iteration":241,"passed_time":2.491371015,"remaining_time":2.65608976},
{"learn":[0.2676108131],"iteration":242,"passed_time":2.500634283,"remaining_time":2.644703748},
{"learn":[0.2663591103],"iteration":243,"passed_time":2.50990731,"remaining_time":2.633345374},
{"learn":[0.2650056768],"iteration":244,"passed_time":2.518980384,"remaining_time":2.62179591},
{"learn":[0.2641606134],"iteration":245,"passed_time":2.52866898,"remaining_time":2.610902117},
{"learn":[0.263446821],"iteration":246,"passed_time":2.538949563,"remaining_time":2.600624452},
{"learn":[0.262201099],"iteration":247,"passed_time":2.548464505,"remaining_time":2.589568771},
{"learn":[0.2614646839],"iteration":248,"passed_time":2.557524965,"remaining_time":2.578067334},
{"learn":[0.2608091046],"iteration":249,"passed_time":2.56683511,"remaining_time":2.56683511},
{"learn":[0.2598190008],"iteration":250,"passed_time":2.575937539,"remaining_time":2.55541214},
{"learn":[0.2584330255],"iteration":251,"passed_time":2.58571996,"remaining_time":2.544676786},
{"learn":[0.2578037057],"iteration":252,"passed_time":2.595721166,"remaining_time":2.534162561},
{"learn":[0.2568401582],"iteration":253,"passed_time":2.605118478,"remaining_time":2.523067502},
{"learn":[0.2557135606],"iteration":254,"passed_time":2.615765581,"remaining_time":2.513186539},
{"learn":[0.2546044018],"iteration":255,"passed_time":2.627751288,"remaining_time":2.504575446},
{"learn":[0.2540112848],"iteration":256,"passed_time":2.63789379,"remaining_time":2.494195296},
{"learn":[0.2530843431],"iteration":257,"passed_time":2.647017348,"remaining_time":2.482861234},
{"learn":[0.251949551],"iteration":258,"passed_time":2.656238751,"remaining_time":2.471635286},
{"learn":[0.2512694849],"iteration":259,"passed_time":2.665324362,"remaining_time":2.460299411},
{"learn":[0.2507383012],"iteration":260,"passed_time":2.674800085,"remaining_time":2.449338009},
{"learn":[0.2499116108],"iteration":261,"passed_time":2.684355978,"remaining_time":2.438460773},
{"learn":[0.2491655637],"iteration":262,"passed_time":2.693781713,"remaining_time":2.427476297},
{"learn":[0.2480623005],"iteration":263,"passed_time":2.703043266,"remaining_time":2.416356859},
{"learn":[0.246856317],"iteration":264,"passed_time":2.712254284,"remaining_time":2.405206629},
{"learn":[0.2460010592],"iteration":265,"passed_time":2.722116505,"remaining_time":2.394643842},
{"learn":[0.2448557341],"iteration":266,"passed_time":2.732808291,"remaining_time":2.384810231},
{"learn":[0.2443034919],"iteration":267,"passed_time":2.742612714,"remaining_time":2.374202051},
{"learn":[0.2439179283],"iteration":268,"passed_time":2.752072741,"remaining_time":2.363304101},
{"learn":[0.2429476023],"iteration":269,"passed_time":2.761611365,"remaining_time":2.352483755},
{"learn":[0.2416079918],"iteration":270,"passed_time":2.77088049,"remaining_time":2.341445138},
{"learn":[0.2403214988],"iteration":271,"passed_time":2.781190116,"remaining_time":2.331291715},
{"learn":[0.2392640893],"iteration":272,"passed_time":2.790912791,"remaining_time":2.320649097},
{"learn":[0.2380763163],"iteration":273,"passed_time":2.800786513,"remaining_time":2.310137781},
{"learn":[0.2375022788],"iteration":274,"passed_time":2.809910493,"remaining_time":2.299017676},
{"learn":[0.2367653546],"iteration":275,"passed_time":2.820673963,"remaining_time":2.289242637},
{"learn":[0.2359741049],"iteration":276,"passed_time":2.833027832,"remaining_time":2.280740818},
{"learn":[0.2354107088],"iteration":277,"passed_time":2.842633417,"remaining_time":2.270016613},
{"learn":[0.2344157474],"iteration":278,"passed_time":2.851784846,"remaining_time":2.258940684},
{"learn":[0.2336326173],"iteration":279,"passed_time":2.86073166,"remaining_time":2.247717733},
{"learn":[0.232841498],"iteration":280,"passed_time":2.870366548,"remaining_time":2.237047238},
{"learn":[0.2320559635],"iteration":281,"passed_time":2.880115669,"remaining_time":2.226472396},
{"learn":[0.2316634014],"iteration":282,"passed_time":2.889464626,"remaining_time":2.215596551},
{"learn":[0.2309132951],"iteration":283,"passed_time":2.898852847,"remaining_time":2.20476132},
{"learn":[0.2300829014],"iteration":284,"passed_time":2.90776196,"remaining_time":2.193574812},
{"learn":[0.2293081767],"iteration":285,"passed_time":2.916992649,"remaining_time":2.182644849},
{"learn":[0.2287677466],"iteration":286,"passed_time":2.926194421,"remaining_time":2.171705267},
{"learn":[0.2276792541],"iteration":287,"passed_time":2.937262094,"remaining_time":2.162151263},
{"learn":[0.2272034005],"iteration":288,"passed_time":2.946760923,"remaining_time":2.151441366},
{"learn":[0.2265436856],"iteration":289,"passed_time":2.956328258,"remaining_time":2.140789428},
{"learn":[0.2259544056],"iteration":290,"passed_time":2.965879794,"remaining_time":2.130133598},
{"learn":[0.2250963854],"iteration":291,"passed_time":2.975221173,"remaining_time":2.11933563},
{"learn":[0.2243977622],"iteration":292,"passed_time":2.984606153,"remaining_time":2.108578408},
{"learn":[0.2234647429],"iteration":293,"passed_time":2.995251029,"remaining_time":2.098713306},
{"learn":[0.2226184566],"iteration":294,"passed_time":3.004567622,"remaining_time":2.087919873},
{"learn":[0.2218609906],"iteration":295,"passed_time":3.014486982,"remaining_time":2.077551839},
{"learn":[0.2211656366],"iteration":296,"passed_time":3.023635781,"remaining_time":2.066660147},
{"learn":[0.2204053008],"iteration":297,"passed_time":3.035636171,"remaining_time":2.057713109},
{"learn":[0.219545614],"iteration":298,"passed_time":3.046522812,"remaining_time":2.04799694},
{"learn":[0.2190557049],"iteration":299,"passed_time":3.055461282,"remaining_time":2.036974188},
{"learn":[0.2185552555],"iteration":300,"passed_time":3.064689714,"remaining_time":2.026156987},
{"learn":[0.2177494651],"iteration":301,"passed_time":3.075728175,"remaining_time":2.016537015},
{"learn":[0.2171402379],"iteration":302,"passed_time":3.086126869,"remaining_time":2.006491727},
{"learn":[0.216654068],"iteration":303,"passed_time":3.096603942,"remaining_time":1.996494647},
{"learn":[0.2161859632],"iteration":304,"passed_time":3.10547119,"remaining_time":1.985465187},
{"learn":[0.2152785279],"iteration":305,"passed_time":3.114713931,"remaining_time":1.974687917},
{"learn":[0.2147079198],"iteration":306,"passed_time":3.12487034,"remaining_time":1.964495035},
{"learn":[0.2143311743],"iteration":307,"passed_time":3.134882774,"remaining_time":1.954212638},
{"learn":[0.2138902085],"iteration":308,"passed_time":3.144262242,"remaining_time":1.943540738},
{"learn":[0.2134322618],"iteration":309,"passed_time":3.153322252,"remaining_time":1.932681381},
{"learn":[0.2127934639],"iteration":310,"passed_time":3.162403249,"remaining_time":1.921846348},
{"learn":[0.2122702221],"iteration":311,"passed_time":3.171093599,"remaining_time":1.910787169},
{"learn":[0.211950947],"iteration":312,"passed_time":3.18048711,"remaining_time":1.900163226},
{"learn":[0.211442723],"iteration":313,"passed_time":3.189987552,"remaining_time":1.889610461},
{"learn":[0.2107297264],"iteration":314,"passed_time":3.199949385,"remaining_time":1.879335353},
{"learn":[0.2100104856],"iteration":315,"passed_time":3.209145873,"remaining_time":1.868616584},
{"learn":[0.2095859273],"iteration":316,"passed_time":3.218703076,"remaining_time":1.858115656},
{"learn":[0.2087438852],"iteration":317,"passed_time":3.2288223,"remaining_time":1.847942322},
{"learn":[0.2084974923],"iteration":318,"passed_time":3.241004919,"remaining_time":1.838940095},
{"learn":[0.2082584074],"iteration":319,"passed_time":3.251329623,"remaining_time":1.828872913},
{"learn":[0.2076930578],"iteration":320,"passed_time":3.260554678,"remaining_time":1.818190926},
{"learn":[0.2069094036],"iteration":321,"passed_time":3.270164837,"remaining_time":1.807730873},
{"learn":[0.2062336517],"iteration":322,"passed_time":3.279819418,"remaining_time":1.797300424},
{"learn":[0.2055703499],"iteration":323,"passed_time":3.289324341,"remaining_time":1.786793469},
{"learn":[0.2050920224],"iteration":324,"passed_time":3.298777631,"remaining_time":1.776264878},
{"learn":[0.204555626],"iteration":325,"passed_time":3.307953936,"remaining_time":1.765595046},
{"learn":[0.2039520781],"iteration":326,"passed_time":3.322536833,"remaining_time":1.757794716},
{"learn":[0.2034008625],"iteration":327,"passed_time":3.332516441,"remaining_time":1.747539109},
{"learn":[0.2027694986],"iteration":328,"passed_time":3.343278393,"remaining_time":1.737691809},
{"learn":[0.2019898603],"iteration":329,"passed_time":3.352834285,"remaining_time":1.727217662},
{"learn":[0.2013700918],"iteration":330,"passed_time":3.36240058,"remaining_time":1.716754375},
{"learn":[0.2006335799],"iteration":331,"passed_time":3.37166692,"remaining_time":1.706144706},
{"learn":[0.2002069223],"iteration":332,"passed_time":3.380748949,"remaining_time":1.695450674},
{"learn":[0.1996158251],"iteration":333,"passed_time":3.38990526,"remaining_time":1.684803213},
{"learn":[0.1989999533],"iteration":334,"passed_time":3.398985884,"remaining_time":1.674127376},
{"learn":[0.1984819177],"iteration":335,"passed_time":3.40819459,"remaining_time":1.66352355},
{"learn":[0.1979412219],"iteration":336,"passed_time":3.433236192,"remaining_time":1.660586051},
{"learn":[0.197655948],"iteration":337,"passed_time":3.444805945,"remaining_time":1.651060838},
{"learn":[0.1970718902],"iteration":338,"passed_time":3.45529256,"remaining_time":1.641009151},
{"learn":[0.1965944171],"iteration":339,"passed_time":3.464734146,"remaining_time":1.630463128},
{"learn":[0.1960622296],"iteration":340,"passed_time":3.474676509,"remaining_time":1.620157082},
{"learn":[0.1956706423],"iteration":341,"passed_time":3.484414049,"remaining_time":1.609758537},
{"learn":[0.1952429498],"iteration":342,"passed_time":3.493721854,"remaining_time":1.599167146},
{"learn":[0.1947854156],"iteration":343,"passed_time":3.502746862,"remaining_time":1.588454972},
{"learn":[0.1944262087],"iteration":344,"passed_time":3.513110181,"remaining_time":1.57835385},
{"learn":[0.1942708078],"iteration":345,"passed_time":3.522011353,"remaining_time":1.567600429},
{"learn":[0.1938388184],"iteration":346,"passed_time":3.531366165,"remaining_time":1.557057704},
{"learn":[0.1931627486],"iteration":347,"passed_time":3.541418742,"remaining_time":1.546826577},
{"learn":[0.1925965825],"iteration":348,"passed_time":3.551258755,"remaining_time":1.536504504},
{"learn":[0.1920791979],"iteration":349,"passed_time":3.560717599,"remaining_time":1.526021828},
{"learn":[0.1917199248],"iteration":350,"passed_time":3.569607402,"remaining_time":1.515303427},
{"learn":[0.1912863483],"iteration":351,"passed_time":3.578454705,"remaining_time":1.504577546},
{"learn":[0.1906207856],"iteration":352,"passed_time":3.587677726,"remaining_time":1.49401877},
{"learn":[0.1902145377],"iteration":353,"passed_time":3.597606674,"remaining_time":1.483758685},
{"learn":[0.1898324044],"iteration":354,"passed_time":3.607057278,"remaining_time":1.473305085},
{"learn":[0.1893071361],"iteration":355,"passed_time":3.616453481,"remaining_time":1.462835116},
{"learn":[0.1888491982],"iteration":356,"passed_time":3.625565313,"remaining_time":1.452257254},
{"learn":[0.1883423635],"iteration":357,"passed_time":3.634647882,"remaining_time":1.441675976},
{"learn":[0.1878668178],"iteration":358,"passed_time":3.646425501,"remaining_time":1.432161548},
{"learn":[0.1873223684],"iteration":359,"passed_time":3.656096935,"remaining_time":1.421815475},
{"learn":[0.186792318],"iteration":360,"passed_time":3.668034333,"remaining_time":1.41234563},
{"learn":[0.1864974819],"iteration":361,"passed_time":3.680352295,"remaining_time":1.403007229},
{"learn":[0.1860158447],"iteration":362,"passed_time":3.690010668,"remaining_time":1.392648654},
{"learn":[0.1857450031],"iteration":363,"passed_time":3.699224141,"remaining_time":1.382127701},
{"learn":[0.1852608643],"iteration":364,"passed_time":3.708301808,"remaining_time":1.371563683},
{"learn":[0.1847837285],"iteration":365,"passed_time":3.717505137,"remaining_time":1.361053793},
{"learn":[0.1845077158],"iteration":366,"passed_time":3.727123268,"remaining_time":1.350701348},
{"learn":[0.1839223133],"iteration":367,"passed_time":3.737099008,"remaining_time":1.340481166},
{"learn":[0.1835123239],"iteration":368,"passed_time":3.747214217,"remaining_time":1.330311822},
{"learn":[0.1830333639],"iteration":369,"passed_time":3.756657568,"remaining_time":1.319906713},
{"learn":[0.1827101742],"iteration":370,"passed_time":3.765938184,"remaining_time":1.309450204},
{"learn":[0.1825679562],"iteration":371,"passed_time":3.774762683,"remaining_time":1.298843074},
{"learn":[0.1822319522],"iteration":372,"passed_time":3.784280346,"remaining_time":1.288481512},
{"learn":[0.1818541191],"iteration":373,"passed_time":3.794053834,"remaining_time":1.27821065},
{"learn":[0.1812924703],"iteration":374,"passed_time":3.803425815,"remaining_time":1.267808605},
{"learn":[0.1809640452],"iteration":375,"passed_time":3.812699806,"remaining_time":1.257379723},
{"learn":[0.1805049027],"iteration":376,"passed_time":3.822514504,"remaining_time":1.247133379},
{"learn":[0.1800918135],"iteration":377,"passed_time":3.832587,"remaining_time":1.236972524},
{"learn":[0.1797924269],"iteration":378,"passed_time":3.843092074,"remaining_time":1.22695024},
{"learn":[0.179584838],"iteration":379,"passed_time":3.853314567,"remaining_time":1.216836179},
{"learn":[0.1794755875],"iteration":380,"passed_time":3.863624241,"remaining_time":1.206748779},
{"learn":[0.1790923591],"iteration":381,"passed_time":3.876870644,"remaining_time":1.197567372},
{"learn":[0.1786348687],"iteration":382,"passed_time":3.886395743,"remaining_time":1.187227942},
{"learn":[0.1781065186],"iteration":383,"passed_time":3.896030646,"remaining_time":1.176925924},
{"learn":[0.1779065709],"iteration":384,"passed_time":3.905397154,"remaining_time":1.166547202},
{"learn":[0.1776752896],"iteration":385,"passed_time":3.915428622,"remaining_time":1.156370111},
{"learn":[0.1773031767],"iteration":386,"passed_time":3.924976947,"remaining_time":1.1460527},
{"learn":[0.1769764942],"iteration":387,"passed_time":3.934223159,"remaining_time":1.135652046},
{"learn":[0.1766411725],"iteration":388,"passed_time":3.944541993,"remaining_time":1.125563396},
{"learn":[0.1764196455],"iteration":389,"passed_time":3.953736584,"remaining_time":1.115156473},
{"learn":[0.176107062],"iteration":390,"passed_time":3.964112662,"remaining_time":1.105085116},
{"learn":[0.1757040389],"iteration":391,"passed_time":3.973884217,"remaining_time":1.094845652},
{"learn":[0.1753774294],"iteration":392,"passed_time":3.983218402,"remaining_time":1.084489489},
{"learn":[0.1749991767],"iteration":393,"passed_time":3.992474848,"remaining_time":1.074117599},
{"learn":[0.1744498044],"iteration":394,"passed_time":4.001361727,"remaining_time":1.063653117},
{"learn":[0.1740643434],"iteration":395,"passed_time":4.010481126,"remaining_time":1.053257669},
{"learn":[0.1737988716],"iteration":396,"passed_time":4.019779857,"remaining_time":1.042915177},
{"learn":[0.1735427849],"iteration":397,"passed_time":4.029126377,"remaining_time":1.032590177},
{"learn":[0.1731851938],"iteration":398,"passed_time":4.038779157,"remaining_time":1.022347606},
{"learn":[0.1729210432],"iteration":399,"passed_time":4.049058775,"remaining_time":1.012264694},
{"learn":[0.172664147],"iteration":400,"passed_time":4.058616793,"remaining_time":1.00200265},
{"learn":[0.1723093483],"iteration":401,"passed_time":4.070152727,"remaining_time":0.9922262866},
{"learn":[0.1719991554],"iteration":402,"passed_time":4.081665947,"remaining_time":0.9824357243},
{"learn":[0.1717518718],"iteration":403,"passed_time":4.091059845,"remaining_time":0.9721330325},
{"learn":[0.1713674897],"iteration":404,"passed_time":4.099895248,"remaining_time":0.9617038236},
{"learn":[0.1708723595],"iteration":405,"passed_time":4.110552726,"remaining_time":0.9517043258},
{"learn":[0.1704610312],"iteration":406,"passed_time":4.12052888,"remaining_time":0.9415459111},
{"learn":[0.1701964136],"iteration":407,"passed_time":4.130275683,"remaining_time":0.9313366737},
{"learn":[0.1697497031],"iteration":408,"passed_time":4.140040096,"remaining_time":0.9211336156},
{"learn":[0.1695146171],"iteration":409,"passed_time":4.149042315,"remaining_time":0.9107653862},
{"learn":[0.1692097236],"iteration":410,"passed_time":4.159433162,"remaining_time":0.9007045047},
{"learn":[0.1689384821],"iteration":411,"passed_time":4.169063468,"remaining_time":0.8904795757},
{"learn":[0.1687462712],"iteration":412,"passed_time":4.178294472,"remaining_time":0.8801734117},
{"learn":[0.1684663932],"iteration":413,"passed_time":4.187760096,"remaining_time":0.8699211794},
{"learn":[0.1681487967],"iteration":414,"passed_time":4.196707813,"remaining_time":0.8595666606},
{"learn":[0.1677739582],"iteration":415,"passed_time":4.205767624,"remaining_time":0.8492415394},
{"learn":[0.1675468742],"iteration":416,"passed_time":4.215308178,"remaining_time":0.8390181745},
{"learn":[0.1672197508],"iteration":417,"passed_time":4.224911682,"remaining_time":0.8288104258},
{"learn":[0.1669795617],"iteration":418,"passed_time":4.234685274,"remaining_time":0.8186384421},
{"learn":[0.1666985763],"iteration":419,"passed_time":4.243811039,"remaining_time":0.8083449598},
{"learn":[0.166507108],"iteration":420,"passed_time":4.253617079,"remaining_time":0.7981846776},
{"learn":[0.1661912048],"iteration":421,"passed_time":4.264810822,"remaining_time":0.788282569},
{"learn":[0.1659163232],"iteration":422,"passed_time":4.276857399,"remaining_time":0.7785295975},
{"learn":[0.1656911252],"iteration":423,"passed_time":4.286892923,"remaining_time":0.7684053352},
{"learn":[0.1654726985],"iteration":424,"passed_time":4.29606976,"remaining_time":0.7581299577},
{"learn":[0.1651477977],"iteration":425,"passed_time":4.306443567,"remaining_time":0.748067662},
{"learn":[0.1648054707],"iteration":426,"passed_time":4.316100659,"remaining_time":0.7378813772},
{"learn":[0.1646081897],"iteration":427,"passed_time":4.325634104,"remaining_time":0.7276767652},
{"learn":[0.1644046291],"iteration":428,"passed_time":4.334777489,"remaining_time":0.7174107266},
{"learn":[0.164066816],"iteration":429,"passed_time":4.343932871,"remaining_time":0.7071518627},
{"learn":[0.1637912622],"iteration":430,"passed_time":4.353563665,"remaining_time":0.6969742294},
{"learn":[0.1634456845],"iteration":431,"passed_time":4.36411262,"remaining_time":0.6869436531},
{"learn":[0.1632616516],"iteration":432,"passed_time":4.373372,"remaining_time":0.6767111409},
{"learn":[0.1631885483],"iteration":433,"passed_time":4.383005263,"remaining_time":0.6665399708},
{"learn":[0.1629278277],"iteration":434,"passed_time":4.391991297,"remaining_time":0.6562745616},
{"learn":[0.1627316499],"iteration":435,"passed_time":4.40112406,"remaining_time":0.6460365592},
{"learn":[0.1623997382],"iteration":436,"passed_time":4.410074519,"remaining_time":0.6357773333},
{"learn":[0.1622272775],"iteration":437,"passed_time":4.419947138,"remaining_time":0.6256546177},
{"learn":[0.1617787869],"iteration":438,"passed_time":4.429681702,"remaining_time":0.6155138584},
{"learn":[0.1616050627],"iteration":439,"passed_time":4.438719243,"remaining_time":0.6052798968},
{"learn":[0.1613241646],"iteration":440,"passed_time":4.448333296,"remaining_time":0.5951284908},
{"learn":[0.1612133611],"iteration":441,"passed_time":4.457278414,"remaining_time":0.5848917375},
{"learn":[0.1609120466],"iteration":442,"passed_time":4.468275665,"remaining_time":0.5749248599},
{"learn":[0.16056905],"iteration":443,"passed_time":4.479330746,"remaining_time":0.5649606347},
{"learn":[0.1603102659],"iteration":444,"passed_time":4.491152656,"remaining_time":0.5550862834},
{"learn":[0.1601882859],"iteration":445,"passed_time":4.50140648,"remaining_time":0.5450133406},
{"learn":[0.15990098],"iteration":446,"passed_time":4.511026001,"remaining_time":0.5348643804},
{"learn":[0.1598063115],"iteration":447,"passed_time":4.520100928,"remaining_time":0.524654572},
{"learn":[0.1595355242],"iteration":448,"passed_time":4.52969098,"remaining_time":0.5145083296},
{"learn":[0.1592760055],"iteration":449,"passed_time":4.538755953,"remaining_time":0.504306217},
{"learn":[0.1591217069],"iteration":450,"passed_time":4.547868252,"remaining_time":0.494114289},
{"learn":[0.1588787116],"iteration":451,"passed_time":4.556782152,"remaining_time":0.4839060693},
{"learn":[0.1586937802],"iteration":452,"passed_time":4.566950927,"remaining_time":0.4738337607},
{"learn":[0.1584911587],"iteration":453,"passed_time":4.576950885,"remaining_time":0.4637439223},
{"learn":[0.1580808112],"iteration":454,"passed_time":4.586604547,"remaining_time":0.4536202299},
{"learn":[0.1578756293],"iteration":455,"passed_time":4.59575222,"remaining_time":0.4434497756},
{"learn":[0.1576257209],"iteration":456,"passed_time":4.6048325,"remaining_time":0.4332774562},
{"learn":[0.1574435971],"iteration":457,"passed_time":4.614236921,"remaining_time":0.4231396303},
{"learn":[0.157298476],"iteration":458,"passed_time":4.624144871,"remaining_time":0.4130499776},
{"learn":[0.1570505283],"iteration":459,"passed_time":4.633784669,"remaining_time":0.4029377973},
{"learn":[0.1569076584],"iteration":460,"passed_time":4.642828797,"remaining_time":0.3927772735},
{"learn":[0.1566159899],"iteration":461,"passed_time":4.652239742,"remaining_time":0.3826517537},
{"learn":[0.1562780402],"iteration":462,"passed_time":4.670666983,"remaining_time":0.3732498453},
{"learn":[0.156084049],"iteration":463,"passed_time":4.681676608,"remaining_time":0.3632335299},
{"learn":[0.1559681854],"iteration":464,"passed_time":4.69396277,"remaining_time":0.3533090257},
{"learn":[0.1556459513],"iteration":465,"passed_time":4.704625127,"remaining_time":0.3432559106},
{"learn":[0.1554535775],"iteration":466,"passed_time":4.714214495,"remaining_time":0.3331243648},
{"learn":[0.1552168072],"iteration":467,"passed_time":4.72369651,"remaining_time":0.3229877956},
{"learn":[0.1549918414],"iteration":468,"passed_time":4.732779809,"remaining_time":0.3128276633},
{"learn":[0.1547539103],"iteration":469,"passed_time":4.741945739,"remaining_time":0.3026773876},
{"learn":[0.1544533008],"iteration":470,"passed_time":4.751025079,"remaining_time":0.2925259603},
{"learn":[0.1542216712],"iteration":471,"passed_time":4.760242792,"remaining_time":0.2823872842},
{"learn":[0.1539970436],"iteration":472,"passed_time":4.769936197,"remaining_time":0.2722796561},
{"learn":[0.1537292951],"iteration":473,"passed_time":4.77998685,"remaining_time":0.2621933715},
{"learn":[0.1534772722],"iteration":474,"passed_time":4.789981976,"remaining_time":0.2521043145},
{"learn":[0.1532772746],"iteration":475,"passed_time":4.79932583,"remaining_time":0.2419828149},
{"learn":[0.1531190162],"iteration":476,"passed_time":4.808208662,"remaining_time":0.2318423464},
{"learn":[0.1530134729],"iteration":477,"passed_time":4.817586425,"remaining_time":0.2217299191},
{"learn":[0.1528820168],"iteration":478,"passed_time":4.82728544,"remaining_time":0.2116346435},
{"learn":[0.1528081246],"iteration":479,"passed_time":4.83680411,"remaining_time":0.2015335046},
{"learn":[0.1525835884],"iteration":480,"passed_time":4.846223141,"remaining_time":0.1914308517},
{"learn":[0.1523917526],"iteration":481,"passed_time":4.855491939,"remaining_time":0.1813254251},
{"learn":[0.1521875132],"iteration":482,"passed_time":4.864775193,"remaining_time":0.1712239716},
{"learn":[0.1520430569],"iteration":483,"passed_time":4.874726526,"remaining_time":0.1611479843},
{"learn":[0.1518545286],"iteration":484,"passed_time":4.885196161,"remaining_time":0.1510885411},
{"learn":[0.1515716746],"iteration":485,"passed_time":4.896214975,"remaining_time":0.1410432297},
{"learn":[0.1514276244],"iteration":486,"passed_time":4.909237305,"remaining_time":0.1310474024},
{"learn":[0.1512036247],"iteration":487,"passed_time":4.918895885,"remaining_time":0.1209564562},
{"learn":[0.1511040883],"iteration":488,"passed_time":4.928189667,"remaining_time":0.1108590723},
{"learn":[0.1509401963],"iteration":489,"passed_time":4.937436622,"remaining_time":0.1007640127},
{"learn":[0.1507293946],"iteration":490,"passed_time":4.946313464,"remaining_time":0.09066562357},
{"learn":[0.150514749],"iteration":491,"passed_time":4.955181122,"remaining_time":0.08057205076},
{"learn":[0.1502950416],"iteration":492,"passed_time":4.964583083,"remaining_time":0.07049103768},
{"learn":[0.1501861254],"iteration":493,"passed_time":4.974166794,"remaining_time":0.0604149813},
{"learn":[0.1499936223],"iteration":494,"passed_time":4.984353296,"remaining_time":0.05034700299},
{"learn":[0.1498507632],"iteration":495,"passed_time":4.99368934,"remaining_time":0.04027168822},
{"learn":[0.1497689785],"iteration":496,"passed_time":5.002815585,"remaining_time":0.030198082},
{"learn":[0.1496774569],"iteration":497,"passed_time":5.011661466,"remaining_time":0.02012715448},
{"learn":[0.1495938787],"iteration":498,"passed_time":5.021283865,"remaining_time":0.01006269312},
{"learn":[0.1494152329],"iteration":499,"passed_time":5.030935248,"remaining_time":0}
]}